filename,url
1910.06336.pdf,https://arxiv.org/pdf/1910.06336.pdf
1812.10116.pdf,https://arxiv.org/pdf/1812.10116.pdf
1910.08020.pdf,https://arxiv.org/pdf/1910.08020.pdf
1910.07530.pdf,https://arxiv.org/pdf/1910.07530.pdf
1910.00259.pdf,https://arxiv.org/pdf/1910.00259.pdf
9511002.pdf,https://arxiv.org/pdf/supr-con/9511002.pdf
9509406.pdf,https://arxiv.org/pdf/hep-ph/9509406.pdf
9512032.pdf,https://arxiv.org/pdf/nucl-th/9512032.pdf
9311025.pdf,https://arxiv.org/pdf/gr-qc/9311025.pdf
9310025.pdf,https://arxiv.org/pdf/gr-qc/9310025.pdf
0012025.pdf,https://arxiv.org/pdf/gr-qc/0012025.pdf
1910.07530v1.pdf,https://arxiv.org/pdf/1910.07530v1.pdf
0012024.pdf,https://arxiv.org/pdf/gr-qc/0012024.pdf
0011025.pdf,https://arxiv.org/pdf/gr-qc/0011025.pdf
1910.00259v1.pdf,https://arxiv.org/pdf/1910.00259v1.pdf
9310025v1.pdf,https://arxiv.org/pdf/gr-qc/9310025v1.pdf
0011026.pdf,https://arxiv.org/pdf/hep-ex/0011026.pdf
