Title,Price,Date
Yakima Car Roof Top Cargo Carrier Box ski snowboard camping fishing hu,$499,Oct 13
Selling Shell Ultimate Car Washes $7 each!!,$7,Oct 13
Bugaboo adaptor for Peg Perego car seat,$30,Oct 13
Uppababy Mesa Car Seat with Base (and infant insert),$200,Oct 13
APPLE CAR CHARGER BNEW INBOX,$10,Oct 13
Maxi-Cosi Mico AP infant car seat + Canopy + Cover,$75,Oct 13
JJ COLE COLLECTIONS BUNDLE ME CAR SEAT COVER - BLACK,$30,Oct 13
9 - 1979 Car Brochures,$10,Oct 13
"VTech Go! Go! Smart Wheels Speedway & Car Carrier,  Learning Laptop",$0,Oct 12
"Graco Nautilus Car Seat Booster, valid until August 26, 2024",$100,Oct 12
Old Car Plates and Hubcaps * Cool Garage Man Cave decor *,$10,Oct 12
Classic Car License Plates - Pairs for Antique Vehicles Displays. $50.,$45,Oct 12
Karrite Voyager car-top cargo box,$35,Oct 12
Peg Perego Infant Car Seat,$50,Oct 12
Motorola Hand Free Car Speaker System SYN9169B,$50,Oct 12
WANTED: Indoor Storage for Classic Car,"
favorite this post
",Oct 12
size large holt renfrew mens car coat,$50,Oct 12
RARE vintage NEW IN BOX 8 Track car radio made in japan $100,$100,Oct 12
Novelty Racing Car Ceiling Pendant Chrome Light- amazing,$120,Oct 12
Launch Creader 9081 OBD Scanner Code Reader Car Diagnostic Tool,$175,Oct 12
APPLE CAR CHARGER BNEW IN BOX,$10,Oct 12
Chilton's Easy Car Care,$5,Oct 12
Chilton car import manual,$10,Oct 12
free car,"
favorite this post
",Oct 12
Extremely Rare Durham Classics Toronto Police Car,$70,Oct 12
Original Nokia LX12 Car Phone + Manual (1992),$10,Oct 12
1930's original carnival kiddie car ride !,$0,Oct 11
NHL licensed Toronto Maple Leaf car flags....$10/each,$10,Oct 11
vintage art deco Goodyear ad car tires advertising,$15,Oct 11
vintage art deco Goodyear ad car tires advertising,$15,Oct 11
Slot car track [steve ogilivie],$900,Oct 11
Kia Optima WeatherTech Custom Floor Liner Car Mats Part Number 442961-,$200,Oct 11
"Safety 1st Alpha Omega Elite 3-in-1 Car Seat valid until Dec 31, 2021",$50,Oct 11
Luminous Car Phone Number Temporary Parking Sign,$8,Oct 11
Hands-Free Bluetooth Car Kit FM Transmitter with Remote Control,$20,Oct 11
Car Wireless FM Transmitter with USB Port,$10,Oct 11
single bike carrier for top of car,$70,Oct 11
APPLE CAR CHARGER BNEW INBOX,$10,Oct 11
Need to buy a Car - Budget $2000. Must be working !!!,"
favorite this post
",Oct 11
Car jacks - new,$45,Oct 11
Genuine BlackBerry Car Charger Model CLM03D-050,$12,Oct 10
Safety 1st onboard 35 car seat with base/ booster,$40,Oct 10
Classic Car License Plates - Ministry Approved for Antique Vehicles,$65,Oct 10
Original Dealer Brochures Vintage Car Sales Brochures. ... GM,$10,Oct 10
Model Car Red Volkswagen Beetle (1998) 1/18,$20,Oct 10
Model Car Blue Volkswagen Beetle (1998) 1/18,$20,Oct 10
Model Car 1994 Porsche Carrera 911 Die Cast,$30,Oct 10
Model Car Red 2001 Mini Cooper Diecast Collector,$30,Oct 10
Model Car NASCAR Racing Champions Bobby Hamilton #55 Diecast,$20,Oct 10
"Best toy for boys 10+ years MASSIVE ""Car Racing track""",$100,Oct 10
Car dust cover for Jaguar XKR,"
favorite this post
",Oct 10
2012-2015 toyota tacoma gps bluetooth radio car mp3 mp5 mp4,$450,Oct 10
lexus rx330 rx350 rx400h gps bluetooth car radio mp3 mp5 system,$450,Oct 10
BMW 328i SERIES Clean car,$2000,Oct 10
hyundai azera navigation bluetooth car radio mp3 mp4 mp5 unit,$399,Oct 10
Honda element navigation bluetooth car mp3 mp4 mp5 radio,$399,Oct 10
2005 to 2009 subaru legacy and outback gps bluetooth car radio,$450,Oct 10
2009 to 2012 ford f150 gps bluetooth radio car mp3 mp4 mp5 unit,$450,Oct 10
2013-2015 honda civic gps bluetooth radio car mp3 mp4 mp5 unit,$450,Oct 10
Framed Antique CAR--1973 Poster--$29.,$29,Oct 10
"1962 Oldsmobile Starfire, Red Convertible - Duals, B.C. Car - $29,900",$29900,Oct  9
2008 CADILLAC CTS - RARE  MANUAL TRANSMISSION !!  - PROJECT CAR,$2500,Oct  9
"Graco Extend2Fit car seat, new",$230,Oct  9
landrover range rover navigation bluetooth radio car dvd player,$799,Oct  9
Motorola TracFone with wall and car charger -Great for US travel,$15,Oct  9
"Music toys, remote control car, drum...",$25,Oct  9
Womans Vintage Roots Car Coat,$80,Oct  9
Danier - Woman's Black Leather Winter Coat - NEW - Med (12-14),$200,Oct  9
Danier Women's Black Leather Winter Car Coat - SIZE LARGE,$200,Oct  8
"Mini Cooper S -  car cover, Brand New","
favorite this post
",Oct  8
CAR FOR SALE,$8900,Oct  8
Old Car HUBCAPS and wheel Covers * Cool Garage Man Cave decor *,$10,Oct  8
Britax car seat dolly,$50,Oct  8
Pioneer Car speakers,$30,Oct  8
Brand new Car Head Up Display with TFT LCD Display Shows Speed RPM Voltage Detec,$55,Oct  8
Pioneer car speakers & stereos,$30,Oct  8
Original Dealer Brochures Vintage Car Sales Brochures. ... GM,$10,Oct  8
License Plates - Pairs for Classic Car Antique Vehicles Displays. $45.,$45,Oct  8
"FOLK ART HAND MADE NASCAR CAR MODEL, marked HOME DEPOT, SIGNED",$95,Oct  8
Classic Car License Plates - Ministry Approved for Antique Vehicles,$65,Oct  7
NEW FORD CAR AND TRUCK REPAIR BOOKS. Mustang $10.00,$10,Oct  7
Blueant S3 bluetooth car speakerphone,$30,Oct  7
Avital Avistart 4105L Remote Auto Car Start Starter Keyless Entry,$45,Oct  7
Britax E9BF33C B-Safe Infant Car Seat (Black),$125,Oct  6
Britax E9BF33C B-Safe Infant Car Seat (Black),$115,Oct  6
"Vintage 30""x24"" Picture of Antique car-1973--$29",$29,Oct  6
Eddie Bauer Infant Car Seat Base valid until end of Dec. 2025,$40,Oct  6
1931 Rolls Royce Model Car AM 9V Transistor Radio,$0,Oct  6
CAR FOR SALE     NISSAN SENTRA @))&,"
favorite this post
",Oct  6
ASUS EEE PC CAR CHARGER,$40,Oct  5
"Kicker K525 5 1/4"" Car Speakers - 90W Peak",$50,Oct  5
RARE Collectible Car -- The Doors,$20,Oct  5
Great NEW Toys -Wowwee Flip Force transformer car & launcher,$10,Oct  5
vintage car battery charger 12v,$20,Oct  4
1 to 3 Car Cigarette Lighter Socket Splitter Adapter DC 12V Power Char,$10,Oct  4
"Garmin Nuvi 52LM 5.0"" Car GPS with North America + Europe maps..",$90,Oct  4
CAR CARPET MATS,$50,Oct  4
Britax Frontier CT (Click Tight) car seat,$160,Oct  4
Britax Frontier CT (Click Tight) car seat,$160,Oct  4
Britax E9BF33C B-Safe Infant Car Seat (Black),$115,Oct  4
Graco Snugride 35 Infant Baby Car Seat with Base,$95,Oct  4
Britax Diplomat car seat (Front and Rear Facing),"
favorite this post
",Oct  4
Britax Diplomat car seat (Front and Rear Facing),$160,Oct  4
Little Golden Book The Flying Car,$5,Oct  4
Uppababy CRUZ Car Seat Adapter for Graco seats,$25,Oct  4
Peg Perego Primo Viaggio car seat,"
favorite this post
",Oct  4
Danier Leather Car Coat Men's Small,$50,Oct  4
Jabra Drive Car Speakerphone - new,$40,Oct  4
Car Bluetooth speakerphone,$35,Oct  4
Evenflo 3in1 car seat,$150,Oct  4
TYLT Band - Red - Flat Silicone Dual-charging Apple/USB Car Charger,$15,Oct  4
Kevin Harvick #29 Autographed Diecast Car + more,$75,Oct  4
BABY SAFETY CAR SEAT $40,$0,Oct  4
Searching for a cheap beater car for the winter. Very desperate,"
favorite this post
",Oct  3
"Graco Trailrider  car seat combo, new in box",$390,Oct  3
Wanted - Cosco Eddie Bauer Car Seat,$100,Oct  3
Car JBL sub woofer and amp,$300,Oct  3
DID YOU BUY A USED CAR RECENTLY - CALL THE PROFESSIONALS TODAY,"
favorite this post
",Oct  3
WE HELP USED CAR DEALERSHIPS - GET YOUR CARS SOLD SOLD SOLD,"
favorite this post
",Oct  3
Car Magazines 4 Sale,$1,Oct  3
